datetime,water_level
2026-08-01 00:00:00,1.98
2026-08-01 01:00:00,2.40
2026-08-01 02:00:00,2.66
2026-08-01 03:00:00,2.72
2026-08-01 04:00:00,2.56
2026-08-01 05:00:00,2.26
2026-08-01 06:00:00,1.92
2026-08-01 07:00:00,1.67
2026-08-01 08:00:00,1.57
2026-08-01 09:00:00,1.62
2026-08-01 10:00:00,1.76
2026-08-01 11:00:00,1.94
2026-08-01 12:00:00,2.11
2026-08-01 13:00:00,2.20
2026-08-01 14:00:00,2.18
2026-08-01 15:00:00,1.98
2026-08-01 16:00:00,1.60
2026-08-01 17:00:00,1.10
2026-08-01 18:00:00,0.60
2026-08-01 19:00:00,0.25
2026-08-01 20:00:00,0.15
2026-08-01 21:00:00,0.31
2026-08-01 22:00:00,0.68
2026-08-01 23:00:00,1.17
2026-08-02 00:00:00,1.69
2026-08-02 01:00:00,2.18
2026-08-02 02:00:00,2.56
2026-08-02 03:00:00,2.77
2026-08-02 04:00:00,2.75
2026-08-02 05:00:00,2.53
2026-08-02 06:00:00,2.17
2026-08-02 07:00:00,1.82
2026-08-02 08:00:00,1.59
2026-08-02 09:00:00,1.54
2026-08-02 10:00:00,1.64
2026-08-02 11:00:00,1.83
2026-08-02 12:00:00,2.03
2026-08-02 13:00:00,2.19
2026-08-02 14:00:00,2.24
2026-08-02 15:00:00,2.14
2026-08-02 16:00:00,1.86
2026-08-02 17:00:00,1.42
2026-08-02 18:00:00,0.90
2026-08-02 19:00:00,0.43
2026-08-02 20:00:00,0.15
2026-08-02 21:00:00,0.13
2026-08-02 22:00:00,0.37
2026-08-02 23:00:00,0.80
2026-08-03 00:00:00,1.33
2026-08-03 01:00:00,1.87
2026-08-03 02:00:00,2.34
2026-08-03 03:00:00,2.68
2026-08-03 04:00:00,2.83
2026-08-03 05:00:00,2.74
2026-08-03 06:00:00,2.46
2026-08-03 07:00:00,2.08
2026-08-03 08:00:00,1.74
2026-08-03 09:00:00,1.56
2026-08-03 10:00:00,1.56
2026-08-03 11:00:00,1.69
2026-08-03 12:00:00,1.89
2026-08-03 13:00:00,2.07
2026-08-03 14:00:00,2.17
2026-08-03 15:00:00,2.16
2026-08-03 16:00:00,2.00
2026-08-03 17:00:00,1.69
2026-08-03 18:00:00,1.24
2026-08-03 19:00:00,0.75
2026-08-03 20:00:00,0.35
2026-08-03 21:00:00,0.16
2026-08-03 22:00:00,0.24
2026-08-03 23:00:00,0.56
2026-08-04 00:00:00,1.03
2026-08-04 01:00:00,1.57
2026-08-04 02:00:00,2.07
2026-08-04 03:00:00,2.48
2026-08-04 04:00:00,2.73
2026-08-04 05:00:00,2.77
2026-08-04 06:00:00,2.61
2026-08-04 07:00:00,2.29
2026-08-04 08:00:00,1.92
2026-08-04 09:00:00,1.64
2026-08-04 10:00:00,1.53
2026-08-04 11:00:00,1.58
2026-08-04 12:00:00,1.74
2026-08-04 13:00:00,1.92
2026-08-04 14:00:00,2.07
2026-08-04 15:00:00,2.13
2026-08-04 16:00:00,2.08
2026-08-04 17:00:00,1.90
2026-08-04 18:00:00,1.57
2026-08-04 19:00:00,1.14
2026-08-04 20:00:00,0.69
2026-08-04 21:00:00,0.36
2026-08-04 22:00:00,0.25
2026-08-04 23:00:00,0.41
2026-08-05 00:00:00,0.77
2026-08-05 01:00:00,1.25
2026-08-05 02:00:00,1.75
2026-08-05 03:00:00,2.18
2026-08-05 04:00:00,2.50
2026-08-05 05:00:00,2.67
2026-08-05 06:00:00,2.66
2026-08-05 07:00:00,2.47
2026-08-05 08:00:00,2.16
2026-08-05 09:00:00,1.84
2026-08-05 10:00:00,1.62
2026-08-05 11:00:00,1.54
2026-08-05 12:00:00,1.61
2026-08-05 13:00:00,1.76
2026-08-05 14:00:00,1.91
2026-08-05 15:00:00,2.01
2026-08-05 16:00:00,2.03
2026-08-05 17:00:00,1.95
2026-08-05 18:00:00,1.75
2026-08-05 19:00:00,1.43
2026-08-05 20:00:00,1.04
2026-08-05 21:00:00,0.68
2026-08-05 22:00:00,0.47
2026-08-05 23:00:00,0.47
2026-08-06 00:00:00,0.69
2026-08-06 01:00:00,1.07
2026-08-06 02:00:00,1.50
2026-08-06 03:00:00,1.91
2026-08-06 04:00:00,2.24
2026-08-06 05:00:00,2.47
2026-08-06 06:00:00,2.57
2026-08-06 07:00:00,2.52
2026-08-06 08:00:00,2.31
2026-08-06 09:00:00,2.01
2026-08-06 10:00:00,1.72
2026-08-06 11:00:00,1.54
2026-08-06 12:00:00,1.50
2026-08-06 13:00:00,1.59
2026-08-06 14:00:00,1.73
2026-08-06 15:00:00,1.86
2026-08-06 16:00:00,1.92
2026-08-06 17:00:00,1.92
2026-08-06 18:00:00,1.83
2026-08-06 19:00:00,1.65
2026-08-06 20:00:00,1.39
2026-08-06 21:00:00,1.09
2026-08-06 22:00:00,0.83
2026-08-06 23:00:00,0.70
2026-08-07 00:00:00,0.75
2026-08-07 01:00:00,0.97
2026-08-07 02:00:00,1.29
2026-08-07 03:00:00,1.64
2026-08-07 04:00:00,1.95
2026-08-07 05:00:00,2.21
2026-08-07 06:00:00,2.37
2026-08-07 07:00:00,2.43
2026-08-07 08:00:00,2.36
2026-08-07 09:00:00,2.16
2026-08-07 10:00:00,1.89
2026-08-07 11:00:00,1.65
2026-08-07 12:00:00,1.52
2026-08-07 13:00:00,1.50
2026-08-07 14:00:00,1.58
2026-08-07 15:00:00,1.68
2026-08-07 16:00:00,1.75
2026-08-07 17:00:00,1.78
2026-08-07 18:00:00,1.76
2026-08-07 19:00:00,1.70
2026-08-07 20:00:00,1.58
2026-08-07 21:00:00,1.41
2026-08-07 22:00:00,1.20
2026-08-07 23:00:00,1.02
2026-08-08 00:00:00,0.95
2026-08-08 01:00:00,1.02
2026-08-08 02:00:00,1.23
2026-08-08 03:00:00,1.50
2026-08-08 04:00:00,1.78
2026-08-08 05:00:00,2.01
2026-08-08 06:00:00,2.18
2026-08-08 07:00:00,2.28
2026-08-08 08:00:00,2.30
2026-08-08 09:00:00,2.21
2026-08-08 10:00:00,2.02
2026-08-08 11:00:00,1.78
2026-08-08 12:00:00,1.57
2026-08-08 13:00:00,1.45
2026-08-08 14:00:00,1.43
2026-08-08 15:00:00,1.47
2026-08-08 16:00:00,1.53
2026-08-08 17:00:00,1.58
2026-08-08 18:00:00,1.62
2026-08-08 19:00:00,1.65
2026-08-08 20:00:00,1.67
2026-08-08 21:00:00,1.64
2026-08-08 22:00:00,1.55
2026-08-08 23:00:00,1.41
2026-08-09 00:00:00,1.28
2026-08-09 01:00:00,1.24
2026-08-09 02:00:00,1.30
2026-08-09 03:00:00,1.46
2026-08-09 04:00:00,1.65
2026-08-09 05:00:00,1.82
2026-08-09 06:00:00,1.96
2026-08-09 07:00:00,2.06
2026-08-09 08:00:00,2.13
2026-08-09 09:00:00,2.15
2026-08-09 10:00:00,2.08
2026-08-09 11:00:00,1.91
2026-08-09 12:00:00,1.70
2026-08-09 13:00:00,1.50
2026-08-09 14:00:00,1.37
2026-08-09 15:00:00,1.32
2026-08-09 16:00:00,1.34
2026-08-09 17:00:00,1.39
2026-08-09 18:00:00,1.45
2026-08-09 19:00:00,1.52
2026-08-09 20:00:00,1.61
2026-08-09 21:00:00,1.69
2026-08-09 22:00:00,1.73
2026-08-09 23:00:00,1.70
2026-08-10 00:00:00,1.61
2026-08-10 01:00:00,1.52
2026-08-10 02:00:00,1.49
2026-08-10 03:00:00,1.53
2026-08-10 04:00:00,1.62
2026-08-10 05:00:00,1.73
2026-08-10 06:00:00,1.83
2026-08-10 07:00:00,1.91
2026-08-10 08:00:00,2.00
2026-08-10 09:00:00,2.07
2026-08-10 10:00:00,2.09
2026-08-10 11:00:00,2.01
2026-08-10 12:00:00,1.82
2026-08-10 13:00:00,1.58
2026-08-10 14:00:00,1.35
2026-08-10 15:00:00,1.20
2026-08-10 16:00:00,1.15
2026-08-10 17:00:00,1.16
2026-08-10 18:00:00,1.22
2026-08-10 19:00:00,1.31
2026-08-10 20:00:00,1.45
2026-08-10 21:00:00,1.62
2026-08-10 22:00:00,1.79
2026-08-10 23:00:00,1.91
2026-08-11 00:00:00,1.94
2026-08-11 01:00:00,1.89
2026-08-11 02:00:00,1.79
2026-08-11 03:00:00,1.72
2026-08-11 04:00:00,1.69
2026-08-11 05:00:00,1.71
2026-08-11 06:00:00,1.75
2026-08-11 07:00:00,1.80
2026-08-11 08:00:00,1.86
2026-08-11 09:00:00,1.93
2026-08-11 10:00:00,2.00
2026-08-11 11:00:00,2.00
2026-08-11 12:00:00,1.89
2026-08-11 13:00:00,1.69
2026-08-11 14:00:00,1.43
2026-08-11 15:00:00,1.20
2026-08-11 16:00:00,1.05
2026-08-11 17:00:00,0.99
2026-08-11 18:00:00,1.02
2026-08-11 19:00:00,1.11
2026-08-11 20:00:00,1.26
2026-08-11 21:00:00,1.47
2026-08-11 22:00:00,1.73
2026-08-11 23:00:00,1.97
2026-08-12 00:00:00,2.13
2026-08-12 01:00:00,2.16
2026-08-12 02:00:00,2.07
2026-08-12 03:00:00,1.93
2026-08-12 04:00:00,1.81
2026-08-12 05:00:00,1.75
2026-08-12 06:00:00,1.74
2026-08-12 07:00:00,1.76
2026-08-12 08:00:00,1.80
2026-08-12 09:00:00,1.86
2026-08-12 10:00:00,1.93
2026-08-12 11:00:00,1.98
2026-08-12 12:00:00,1.96
2026-08-12 13:00:00,1.81
2026-08-12 14:00:00,1.57
2026-08-12 15:00:00,1.27
2026-08-12 16:00:00,1.00
2026-08-12 17:00:00,0.84
2026-08-12 18:00:00,0.79
2026-08-12 19:00:00,0.85
2026-08-12 20:00:00,1.01
2026-08-12 21:00:00,1.25
2026-08-12 22:00:00,1.56
2026-08-12 23:00:00,1.90
2026-08-13 00:00:00,2.18
2026-08-13 01:00:00,2.33
2026-08-13 02:00:00,2.33
2026-08-13 03:00:00,2.21
2026-08-13 04:00:00,2.04
2026-08-13 05:00:00,1.90
2026-08-13 06:00:00,1.81
2026-08-13 07:00:00,1.78
2026-08-13 08:00:00,1.78
2026-08-13 09:00:00,1.81
2026-08-13 10:00:00,1.86
2026-08-13 11:00:00,1.92
2026-08-13 12:00:00,1.95
2026-08-13 13:00:00,1.88
2026-08-13 14:00:00,1.69
2026-08-13 15:00:00,1.38
2026-08-13 16:00:00,1.04
2026-08-13 17:00:00,0.77
2026-08-13 18:00:00,0.64
2026-08-13 19:00:00,0.65
2026-08-13 20:00:00,0.81
2026-08-13 21:00:00,1.06
2026-08-13 22:00:00,1.39
2026-08-13 23:00:00,1.76
2026-08-14 00:00:00,2.11
2026-08-14 01:00:00,2.38
2026-08-14 02:00:00,2.48
2026-08-14 03:00:00,2.43
2026-08-14 04:00:00,2.25
2026-08-14 05:00:00,2.04
2026-08-14 06:00:00,1.87
2026-08-14 07:00:00,1.78
2026-08-14 08:00:00,1.76
2026-08-14 09:00:00,1.78
2026-08-14 10:00:00,1.84
2026-08-14 11:00:00,1.91
2026-08-14 12:00:00,1.98
2026-08-14 13:00:00,1.97
2026-08-14 14:00:00,1.83
2026-08-14 15:00:00,1.55
2026-08-14 16:00:00,1.18
2026-08-14 17:00:00,0.81
2026-08-14 18:00:00,0.57
2026-08-14 19:00:00,0.49
2026-08-14 20:00:00,0.59
2026-08-14 21:00:00,0.82
2026-08-14 22:00:00,1.15
2026-08-14 23:00:00,1.53
2026-08-15 00:00:00,1.93
2026-08-15 01:00:00,2.29
2026-08-15 02:00:00,2.52
2026-08-15 03:00:00,2.58
2026-08-15 04:00:00,2.46
2026-08-15 05:00:00,2.24
2026-08-15 06:00:00,2.00
2026-08-15 07:00:00,1.84
2026-08-15 08:00:00,1.78
2026-08-15 09:00:00,1.80
2026-08-15 10:00:00,1.86
2026-08-15 11:00:00,1.93
2026-08-15 12:00:00,1.99
2026-08-15 13:00:00,2.00
2026-08-15 14:00:00,1.91
2026-08-15 15:00:00,1.68
2026-08-15 16:00:00,1.33
2026-08-15 17:00:00,0.93
2026-08-15 18:00:00,0.59
2026-08-15 19:00:00,0.40
2026-08-15 20:00:00,0.42
2026-08-15 21:00:00,0.61
2026-08-15 22:00:00,0.94
2026-08-15 23:00:00,1.34
